{
  "version": 1,
  "author": "Ozgur Cagdas",
  "editor": "wokwi",
  "parts": [
    { "type": "wokwi-breadboard", "id": "bb1", "top": -156.6, "left": 166, "attrs": {} },
    {
      "type": "wokwi-breadboard-half",
      "id": "bb2",
      "top": -186.3,
      "left": -121.5,
      "rotate": 90,
      "attrs": {}
    },
    {
      "type": "wokwi-pi-pico",
      "id": "pico",
      "top": -168.05,
      "left": 3.8,
      "rotate": 180,
      "attrs": { "env": "micropython-20231005-v1.21.0" }
    },
    {
      "type": "wokwi-pushbutton",
      "id": "btn1",
      "top": -67.8,
      "left": 511.8,
      "rotate": 90,
      "attrs": { "color": "red", "xray": "1" }
    },
    {
      "type": "wokwi-7segment",
      "id": "sevseg1",
      "top": -90.18,
      "left": 289.12,
      "attrs": { "digits": "4" }
    },
    {
      "type": "wokwi-slide-potentiometer",
      "id": "pot1",
      "top": -263.6,
      "left": 455.2,
      "rotate": 270,
      "attrs": { "travelLength": "30" }
    },
    {
      "type": "wokwi-photoresistor-sensor",
      "id": "ldr1",
      "top": -221.1,
      "left": 551.3,
      "rotate": 90,
      "attrs": {}
    },
    {
      "type": "wokwi-ntc-temperature-sensor",
      "id": "ntc1",
      "top": -209.1,
      "left": 652.3,
      "rotate": 90,
      "attrs": {}
    },
    { "type": "wokwi-vcc", "id": "vcc1", "top": 77.56, "left": 672, "rotate": 180, "attrs": {} },
    { "type": "wokwi-gnd", "id": "gnd1", "top": 76.8, "left": 719.4, "attrs": {} }
  ],
  "connections": [
    [ "bb1:tp.50", "bb1:bp.50", "red", [ "v0.3", "h114.4", "v163.2" ] ],
    [ "bb1:tn.50", "bb1:bn.50", "black", [ "v-0.1", "h95.2", "v172.8" ] ],
    [ "gnd1:GND", "bb1:bn.49", "black", [ "v0" ] ],
    [ "bb1:57t.b", "bb1:tn.49", "black", [ "v0" ] ],
    [ "bb1:56t.b", "bb1:tp.49", "red", [ "v0" ] ],
    [ "bb1:49t.b", "bb1:tp.41", "red", [ "v0" ] ],
    [ "bb1:48t.b", "bb1:tn.41", "black", [ "v0" ] ],
    [ "bb1:38t.b", "bb1:tp.28", "red", [ "v0" ] ],
    [ "pot1:GND", "bb1:tn.26", "black", [ "v-5.2", "h-48" ] ],
    [ "bb1:bp.49", "vcc1:VCC", "red", [ "v0" ] ],
    [ "bb1:39b.j", "bb1:bn.31", "black", [ "v0" ] ],
    [ "bb1:37b.j", "bb2:7b.j", "#8f4814", [ "v115.2", "h-633.6", "v-278.4", "h9.6" ] ],
    [ "bb1:18t.b", "bb2:12t.b", "purple", [ "v-86.4", "h-9.6" ] ],
    [ "bb1:21t.b", "bb2:13t.b", "magenta", [ "v-76.8", "h-9.6" ] ],
    [ "bb1:22t.b", "bb2:15t.b", "violet", [ "v-28.8", "h-19.2" ] ],
    [ "bb1:23b.i", "bb2:16t.b", "purple", [ "v19.2", "h-240" ] ],
    [ "bb1:20b.j", "bb2:17t.a", "orange", [ "v-9.6", "h-230.4" ] ],
    [ "bb1:22b.j", "bb2:18t.a", "gold", [ "v0", "h-240" ] ],
    [ "bb1:20t.a", "bb2:20t.a", "yellow", [ "v-57.6", "h-220.8", "v115.2" ] ],
    [ "bb1:18b.j", "bb2:21t.a", "green", [ "v-19.2", "h-201.6" ] ],
    [ "bb1:19b.j", "bb2:22t.a", "gray", [ "v0" ] ],
    [ "bb1:21b.j", "bb2:23t.a", "cyan", [ "v0" ] ],
    [ "bb1:19t.a", "bb2:26t.a", "blue", [ "v-105.6", "h-316.8", "v19.2" ] ],
    [ "bb1:23t.a", "bb2:25t.a", "limegreen", [ "v-9.6", "h-240", "v144" ] ],
    [ "bb1:46t.b", "bb1:53t.d", "blue", [ "v0" ] ],
    [ "bb2:17b.j", "bb1:52b.g", "orange", [ "h0", "v144", "h652.8" ] ],
    [ "bb1:55t.b", "bb1:55t.d", "green", [ "v0" ] ],
    [ "bb1:40t.b", "bb1:44t.d", "#8f4814", [ "v0" ] ],
    [ "pico:GP0", "bb2:26t.c", "", [ "$bb" ] ],
    [ "pico:GP1", "bb2:25t.c", "", [ "$bb" ] ],
    [ "pico:GND.1", "bb2:24t.c", "", [ "$bb" ] ],
    [ "pico:GP2", "bb2:23t.c", "", [ "$bb" ] ],
    [ "pico:GP3", "bb2:22t.c", "", [ "$bb" ] ],
    [ "pico:GP4", "bb2:21t.c", "", [ "$bb" ] ],
    [ "pico:GP5", "bb2:20t.c", "", [ "$bb" ] ],
    [ "pico:GND.2", "bb2:19t.c", "", [ "$bb" ] ],
    [ "pico:GP6", "bb2:18t.c", "", [ "$bb" ] ],
    [ "pico:GP7", "bb2:17t.c", "", [ "$bb" ] ],
    [ "pico:GP8", "bb2:16t.c", "", [ "$bb" ] ],
    [ "pico:GP9", "bb2:15t.c", "", [ "$bb" ] ],
    [ "pico:GND.3", "bb2:14t.c", "", [ "$bb" ] ],
    [ "pico:GP10", "bb2:13t.c", "", [ "$bb" ] ],
    [ "pico:GP11", "bb2:12t.c", "", [ "$bb" ] ],
    [ "pico:GP12", "bb2:11t.c", "", [ "$bb" ] ],
    [ "pico:GP13", "bb2:10t.c", "", [ "$bb" ] ],
    [ "pico:GND.4", "bb2:9t.c", "", [ "$bb" ] ],
    [ "pico:GP14", "bb2:8t.c", "", [ "$bb" ] ],
    [ "pico:GP15", "bb2:7t.c", "", [ "$bb" ] ],
    [ "pico:GP16", "bb2:7b.h", "", [ "$bb" ] ],
    [ "pico:GP17", "bb2:8b.h", "", [ "$bb" ] ],
    [ "pico:GND.5", "bb2:9b.h", "", [ "$bb" ] ],
    [ "pico:GP18", "bb2:10b.h", "", [ "$bb" ] ],
    [ "pico:GP19", "bb2:11b.h", "", [ "$bb" ] ],
    [ "pico:GP20", "bb2:12b.h", "", [ "$bb" ] ],
    [ "pico:GP21", "bb2:13b.h", "", [ "$bb" ] ],
    [ "pico:GND.6", "bb2:14b.h", "", [ "$bb" ] ],
    [ "pico:GP22", "bb2:15b.h", "", [ "$bb" ] ],
    [ "pico:RUN", "bb2:16b.h", "", [ "$bb" ] ],
    [ "pico:GP26", "bb2:17b.h", "", [ "$bb" ] ],
    [ "pico:GP27", "bb2:18b.h", "", [ "$bb" ] ],
    [ "pico:GND.7", "bb2:19b.h", "", [ "$bb" ] ],
    [ "pico:GP28", "bb2:20b.h", "", [ "$bb" ] ],
    [ "pico:ADC_VREF", "bb2:21b.h", "", [ "$bb" ] ],
    [ "pico:3V3", "bb2:22b.h", "", [ "$bb" ] ],
    [ "pico:3V3_EN", "bb2:23b.h", "", [ "$bb" ] ],
    [ "pico:GND.8", "bb2:24b.h", "", [ "$bb" ] ],
    [ "pico:VSYS", "bb2:25b.h", "", [ "$bb" ] ],
    [ "pico:VBUS", "bb2:26b.h", "", [ "$bb" ] ],
    [ "sevseg1:A", "bb1:19t.c", "", [ "$bb" ] ],
    [ "sevseg1:B", "bb1:23t.c", "", [ "$bb" ] ],
    [ "sevseg1:C", "bb1:21b.h", "", [ "$bb" ] ],
    [ "sevseg1:D", "bb1:19b.h", "", [ "$bb" ] ],
    [ "sevseg1:E", "bb1:18b.h", "", [ "$bb" ] ],
    [ "sevseg1:F", "bb1:20t.c", "", [ "$bb" ] ],
    [ "sevseg1:G", "bb1:22b.h", "", [ "$bb" ] ],
    [ "sevseg1:DP", "bb1:20b.h", "", [ "$bb" ] ],
    [ "sevseg1:DIG1", "bb1:18t.c", "", [ "$bb" ] ],
    [ "sevseg1:DIG2", "bb1:21t.c", "", [ "$bb" ] ],
    [ "sevseg1:DIG3", "bb1:22t.c", "", [ "$bb" ] ],
    [ "sevseg1:DIG4", "bb1:23b.h", "", [ "$bb" ] ],
    [ "sevseg1:COM", "bb1:24b.h", "", [ "$bb" ] ],
    [ "sevseg1:CLN", "bb1:24t.c", "", [ "$bb" ] ],
    [ "pot1:VCC", "bb1:38t.a", "", [ "$bb" ] ],
    [ "pot1:SIG", "bb1:40t.a", "", [ "$bb" ] ],
    [ "ldr1:VCC", "bb1:49t.a", "", [ "$bb" ] ],
    [ "ldr1:GND", "bb1:48t.a", "", [ "$bb" ] ],
    [ "ldr1:DO", "bb1:47t.a", "", [ "$bb" ] ],
    [ "ldr1:AO", "bb1:46t.a", "", [ "$bb" ] ],
    [ "ntc1:GND", "bb1:57t.a", "", [ "$bb" ] ],
    [ "ntc1:VCC", "bb1:56t.a", "", [ "$bb" ] ],
    [ "ntc1:OUT", "bb1:55t.a", "", [ "$bb" ] ],
    [ "btn1:1.l", "bb1:39t.d", "", [ "$bb" ] ],
    [ "btn1:2.l", "bb1:37t.d", "", [ "$bb" ] ],
    [ "btn1:1.r", "bb1:39b.i", "", [ "$bb" ] ],
    [ "btn1:2.r", "bb1:37b.i", "", [ "$bb" ] ],
    [ "bb1:44t.e", "bb1:52b.f", "green", [ "v0" ] ]
  ],
  "dependencies": {}
}